Year,Month,Total_Sales,Avg_Sales,Order_count,Customer_count,Lag_1,Lag_2,Lag_3,Rolling_3,Mom_1,Mom_3,Growth_rate,Quarter,Month_Sin,Month_Cos,Is_Holiday_Month,Is_Quarter_END
2015,4,27906.855,214.6681153846154,63,61,55205.797,4519.892,14205.707,24643.79866666667,-27298.942,13701.148,-49.44941198838231,2,0.8660254037844387,-0.4999999999999998,0,0
2015,5,23644.303,195.40746280991735,68,66,27906.855,55205.797,4519.892,29210.847999999998,-4262.552,19124.411,-15.274211300413466,2,0.49999999999999994,-0.8660254037844387,0,0
2015,6,34322.9356,262.0071419847328,64,61,23644.303,27906.855,55205.797,35585.651666666665,10678.632599999997,-20882.8614,45.163659931104746,2,1.2246467991473532e-16,-1.0,0,1
2015,7,33781.543,237.89819014084506,64,64,34322.9356,23644.303,27906.855,28624.697866666666,-541.3925999999992,5874.687999999998,-1.5773493453747567,3,-0.4999999999999997,-0.8660254037844388,0,0
2015,8,27117.5365,185.736551369863,70,68,33781.543,34322.9356,23644.303,30582.927199999995,-6664.0064999999995,3473.2334999999985,-19.72676766126402,3,-0.8660254037844384,-0.5000000000000004,0,0
2015,9,81623.5268,305.70609288389517,129,117,27117.5365,33781.543,34322.9356,31740.671699999995,54505.990300000005,47300.59120000001,200.99904834644553,3,-1.0,-1.8369701987210297e-16,0,1
2015,10,31453.393,197.8200817610063,78,75,81623.5268,27117.5365,33781.543,47507.53543333333,-50170.13380000001,-2328.149999999998,-61.465285521085825,4,-0.8660254037844386,0.5000000000000001,0,0
2015,11,77907.66070000001,254.6001983660131,145,133,31453.393,81623.5268,27117.5365,46731.48543333333,46454.26770000001,50790.124200000006,147.69238949832857,4,-0.5000000000000004,0.8660254037844384,1,0
2015,12,68167.0585,248.78488503649635,139,132,77907.66070000001,31453.393,81623.5268,63661.52683333334,-9740.602200000008,-13456.468300000008,-12.502752762027173,4,-2.4492935982947064e-16,1.0,1,1
2016,1,18066.9576,316.96416842105265,29,28,68167.0585,77907.66070000001,31453.393,59176.0374,-50100.1009,-13386.435399999998,-73.49605807033612,1,0.49999999999999994,0.8660254037844387,1,0
2016,2,11951.411,186.740796875,36,36,18066.9576,68167.0585,77907.66070000001,54713.89226666666,-6115.5466000000015,-65956.24970000001,-33.84934384303864,1,0.8660254037844386,0.5000000000000001,0,0
2016,3,32339.3184,252.650925,75,74,11951.411,18066.9576,68167.0585,32728.4757,20387.9074,-35827.740099999995,170.58996130247718,1,1.0,6.123233995736766e-17,0,1
2016,4,34154.4685,214.8079779874214,71,68,32339.3184,11951.411,18066.9576,20785.895666666667,1815.1501000000026,16087.510900000001,5.612827325389772,2,0.8660254037844387,-0.4999999999999998,0,0
2016,5,29959.5305,209.5072062937063,72,67,34154.4685,32339.3184,11951.411,26148.3993,-4194.938000000002,18008.1195,-12.282252320805407,2,0.49999999999999994,-0.8660254037844387,0,0
2016,6,23599.374,182.94088372093023,66,66,29959.5305,34154.4685,32339.3184,32151.105800000005,-6360.156500000001,-8739.9444,-21.22915944894397,2,1.2246467991473532e-16,-1.0,0,1
2016,7,28608.259000000002,210.35484558823532,64,62,23599.374,29959.5305,34154.4685,29237.791,5008.885000000002,-5546.209500000001,21.224651975938013,3,-0.4999999999999997,-0.8660254037844388,0,0
2016,8,36818.3422,233.02748227848102,67,63,28608.259000000002,23599.374,29959.5305,27389.054500000002,8210.083199999997,6858.811699999998,28.698297229481867,3,-0.8660254037844384,-0.5000000000000004,0,0
2016,9,63133.606,221.5214245614035,137,123,36818.3422,28608.259000000002,23599.374,29675.32506666667,26315.2638,39534.232,71.47324465901673,3,-1.0,-1.8369701987210297e-16,0,1
2016,10,31011.7375,189.09596036585364,86,78,63133.606,36818.3422,28608.259000000002,42853.4024,-32121.8685,2403.4784999999974,-50.8791918205971,4,-0.8660254037844386,0.5000000000000001,0,0
2016,11,75249.3995,234.42180529595015,157,145,31011.7375,63133.606,36818.3422,43654.5619,44237.662,38431.0573,142.64812476243873,4,-0.5000000000000004,0.8660254037844384,1,0
2016,12,74543.6012,239.69003601286175,159,139,75249.3995,31011.7375,63133.606,56464.91433333334,-705.7982999999949,11409.995200000005,-0.9379454250661428,4,-2.4492935982947064e-16,1.0,1,1
2017,1,18542.490999999998,208.34259550561796,48,46,74543.6012,75249.3995,31011.7375,60268.246066666674,-56001.11020000001,-12469.246500000001,-75.1253082739448,1,0.49999999999999994,0.8660254037844387,1,0
2017,2,22978.815,276.8531927710843,45,42,18542.490999999998,74543.6012,75249.3995,56111.83056666667,4436.3240000000005,-52270.5845,23.925178121968624,1,0.8660254037844386,0.5000000000000001,0,0
2017,3,51165.059,317.79539751552795,85,79,22978.815,18542.490999999998,74543.6012,38688.3024,28186.244000000002,-23378.542200000004,122.66186920430842,1,1.0,6.123233995736766e-17,0,1
2017,4,38679.767,230.23670833333333,88,82,51165.059,22978.815,18542.490999999998,30895.454999999998,-12485.292000000001,20137.276,-24.401988865096396,2,0.8660254037844387,-0.4999999999999998,0,0
2017,5,56656.908,256.36609954751134,107,96,38679.767,51165.059,22978.815,37607.880333333334,17977.141000000003,33678.09300000001,46.4768595943197,2,0.49999999999999994,-0.8660254037844387,0,0
2017,6,39724.486,202.67594897959182,95,89,56656.908,38679.767,51165.059,48833.91133333333,-16932.422000000006,-11440.573000000004,-29.88589140798154,2,1.2246467991473532e-16,-1.0,0,1
2017,7,38320.783,195.51419897959184,95,88,39724.486,56656.908,38679.767,45020.386999999995,-1403.702999999994,-358.98399999999674,-3.533596381838633,3,-0.4999999999999997,-0.8660254037844388,0,0
2017,8,30542.2003,174.52685885714286,89,85,38320.783,39724.486,56656.908,44900.725666666665,-7778.582700000003,-26114.707700000003,-20.298600631411947,3,-0.8660254037844384,-0.5000000000000004,0,0
2017,9,69193.3909,198.26186504297993,186,171,30542.2003,38320.783,39724.486,36195.8231,38651.1906,29468.9049,126.5501182637454,3,-1.0,-1.8369701987210297e-16,0,1
2017,10,59583.033,310.32829687500004,103,93,69193.3909,30542.2003,38320.783,46018.79140000001,-9610.357899999995,21262.25,-13.889126945504266,4,-0.8660254037844386,0.5000000000000001,0,0
2017,11,79066.4958,216.02867704918035,182,164,59583.033,69193.3909,30542.2003,53106.20806666667,19483.4628,48524.29550000001,32.69968281070888,4,-0.5000000000000004,0.8660254037844384,1,0
2017,12,95739.121,283.2518372781065,172,154,79066.4958,59583.033,69193.3909,69280.97323333334,16672.625199999995,26545.7301,21.086839667428382,4,-2.4492935982947064e-16,1.0,1,1
2018,1,43476.474,304.0312867132867,67,66,95739.121,79066.4958,59583.033,78129.54993333334,-52262.647,-16106.559000000001,-54.588601246923915,1,0.49999999999999994,0.8660254037844387,1,0
2018,2,19920.9974,191.5480519230769,52,52,43476.474,95739.121,79066.4958,72760.69693333334,-23555.4766,-59145.498400000004,-54.17982286235999,1,0.8660254037844386,0.5000000000000001,0,0
2018,3,58863.4128,248.36883037974684,117,114,19920.9974,43476.474,95739.121,53045.53080000001,38942.4154,-36875.7082,195.48426526073436,1,1.0,6.123233995736766e-17,0,1
2018,4,35541.9101,177.7095505,115,108,58863.4128,19920.9974,43476.474,40753.62806666667,-23321.502699999997,-7934.563900000001,-39.619691741692556,2,0.8660254037844387,-0.4999999999999998,0,0
2018,5,43825.9822,182.60825916666667,116,111,35541.9101,58863.4128,19920.9974,38108.77343333334,8284.072099999998,23904.9848,23.307897849868226,2,0.49999999999999994,-0.8660254037844387,0,0
2018,6,48190.7277,205.06692638297875,129,115,43825.9822,35541.9101,58863.4128,46077.10170000001,4364.7455000000045,-10672.685099999995,9.959264529615048,2,1.2246467991473532e-16,-1.0,0,1
2018,7,44825.104,201.00943497757848,108,99,48190.7277,43825.9822,35541.9101,42519.54000000001,-3365.6237000000037,9283.193899999998,-6.983965299200086,3,-0.4999999999999997,-0.8660254037844388,0,0
2018,8,62837.848,293.63480373831777,109,102,44825.104,48190.7277,43825.9822,45613.93796666667,18012.744,19011.8658,40.1845001854318,3,-0.8660254037844384,-0.5000000000000004,0,0
2018,9,86152.888,190.18297571743932,222,194,62837.848,44825.104,48190.7277,51951.22656666667,23315.040000000008,37962.1603,37.1034985157353,3,-1.0,-1.8369701987210297e-16,0,1
2018,10,77448.1312,263.42901768707486,144,134,86152.888,62837.848,44825.104,64605.280000000006,-8704.756800000003,32623.027200000004,-10.103847940651743,4,-0.8660254037844386,0.5000000000000001,0,0
2018,11,117938.155,258.6363048245614,259,215,77448.1312,86152.888,62837.848,75479.62240000001,40490.023799999995,55100.307,52.28018181024876,4,-0.5000000000000004,0.8660254037844384,1,0
2018,12,83030.3888,180.89409324618737,223,194,117938.155,77448.1312,86152.888,93846.39140000001,-34907.7662,-3122.4992000000057,-29.59836551623179,4,-2.4492935982947064e-16,1.0,1,1
